item_id,name,store_name,category_name
5681,"Atish-E-Chaap","Dolce Bistro and Patissiere","Tandoori"
5679,"Bharwan Truffle Mushroom Tikka","Dolce Bistro and Patissiere","Tandoori"
5671,"Cheesy French Fries","Dolce Bistro and Patissiere","Fries"
5654,"Chilli Basil Spring Rolls","Dolce Bistro and Patissiere","Rolls"
5668,"Crispy Garlic Onion Rings","Dolce Bistro and Patissiere","Fast Food"
5669,"Delhi Chaat Fries","Dolce Bistro and Patissiere","Fries"
5700,"Desi Delight Soya","Dolce Bistro and Patissiere","Salad  Raita Papad`s"
5673,"Dolce Parmesan Smoked Paneer","Dolce Bistro and Patissiere","abc"
5674,"Dolce Parmesan Smoked Tofu","Dolce Bistro and Patissiere","abc"
5677,"Harissa Butter Garlic Mushroom","Dolce Bistro and Patissiere","Mushroom Specials"
5652,"Honey Chilly Potato Wedge","Dolce Bistro and Patissiere","Chinese"
5676,"Hummus Platter","Dolce Bistro and Patissiere","Starters"
5667,"Jalapenos Cheese Poppers","Dolce Bistro and Patissiere","Fast Food"
5666,"Jalapenos Mozzarella Cigars","Dolce Bistro and Patissiere","Fast Food"
5659,"Kung Pao Tofu","Dolce Bistro and Patissiere","Starters"
5657,"Kung Pao Veggie","Dolce Bistro and Patissiere","Starters"
5675,"Paneer in Red Wine Sauce","Dolce Bistro and Patissiere","abc"
5665,"Paneer Satay","Dolce Bistro and Patissiere","Paneer"
5656,"Paneer Shawarma Pita Pockets","Dolce Bistro and Patissiere","Paneer"
5670,"Peri Peri Fries","Dolce Bistro and Patissiere","Fries"
5680,"Pickled Chilli Tandoori Aloo","Dolce Bistro and Patissiere","Tandoori"
5682,"Reshmi Lehsuni Soya Tikka","Dolce Bistro and Patissiere","Tandoori"
5678,"Saffron Cheese Paneer Tikka","Dolce Bistro and Patissiere","Tandoori"
5653,"Salt 'N' Pepper Crispy Baby Corn","Dolce Bistro and Patissiere","Starters"
5771,"Soya Afhani Biryani","Dolce Bistro and Patissiere","Biryani"
5660,"Spring Paneer Chilly","Dolce Bistro and Patissiere","Starters"
5663,"Tex Mex Cheesy Nachos","Dolce Bistro and Patissiere","Fast Food"
5672,"Truffile and Parmensan Fries","Dolce Bistro and Patissiere","Fries"
5655,"Vegetable Spring Rolls","Dolce Bistro and Patissiere","Rolls"
5664,"Veggie Crisps","Dolce Bistro and Patissiere","Tandoori"
5661,"Wok Orange Chilly","Dolce Bistro and Patissiere","Starters"
5662,"Wok Paneer Crispy","Dolce Bistro and Patissiere","Paneer"
19121,"Aashirvaad atta 5 kg pouch","GP SuperMart","Grocery & Kitchen"
19160,"Bajri 1 kg","GP SuperMart","Grocery & Kitchen"
19123,"Bhagar 1 kg","GP SuperMart","Grocery & Kitchen"
19122,"Bhagar 500 g","GP SuperMart","Grocery & Kitchen"
19161,"Brown rice 30 kg","GP SuperMart","Grocery & Kitchen"
19162,"Chole 250 g","GP SuperMart","Grocery & Kitchen"
19124,"Chole 500 g","GP SuperMart","Grocery & Kitchen"
19125,"Colgate visible white purple toothpaste","GP SuperMart","Grocery & Kitchen"
19126,"Daliya 250 g","GP SuperMart","Grocery & Kitchen"
19127,"Daliya 500 g","GP SuperMart","Grocery & Kitchen"
19085,"Dettol handwash 100 ml","GP SuperMart","Beauty & Personal Care"
18408,"DHANIYA 100G","GP SuperMart","Ata Rice Grains & Dals"
18409,"DHR GNUT OIL 5 L CAN","GP SuperMart","Ata Rice Grains & Dals"
18410,"DHR GRNUT OIL 1 L P","GP SuperMart","Ata Rice Grains & Dals"
18411,"Dhron","GP SuperMart","Ata Rice Grains & Dals"
18412,"DIAMON BUCKET MOP PLASTIC  JALI","GP SuperMart","Ata Rice Grains & Dals"
18413,"DIET COCKE CAN 300ML","GP SuperMart","Ata Rice Grains & Dals"
18414,"DILL LEAVES/SHEPU","GP SuperMart","Ata Rice Grains & Dals"
18415,"Dimand  Bhajka Poha -1Kg","GP SuperMart","Ata Rice Grains & Dals"
18416,"Dimand Bhadang -500G","GP SuperMart","Ata Rice Grains & Dals"
18417,"Dimand Murmura -500G","GP SuperMart","Ata Rice Grains & Dals"
18418,"DINK LADOO MIX","GP SuperMart","Ata Rice Grains & Dals"
18419,"DINKA","GP SuperMart","Ata Rice Grains & Dals"
18420,"DINKA 250G","GP SuperMart","Ata Rice Grains & Dals"
18421,"DINKA LADDO","GP SuperMart","Ata Rice Grains & Dals"
18422,"DISPOBLES SPOON 30N","GP SuperMart","Ata Rice Grains & Dals"
18423,"DIVYA GULAB JAL 120ML","GP SuperMart","Ata Rice Grains & Dals"
18424,"DLM PSCHIRG SPR  450 G","GP SuperMart","Ata Rice Grains & Dals"
18425,"DM DOM PSTA ELB 1 KG","GP SuperMart","Ata Rice Grains & Dals"
18426,"DML PSCHIRG 500G PP","GP SuperMart","Ata Rice Grains & Dals"
18427,"DNV PANJABAD 180g PPD","GP SuperMart","Ata Rice Grains & Dals"
18428,"DNV SPICIAAPAD 450G","GP SuperMart","Ata Rice Grains & Dals"
18429,"DODAKE 250G","GP SuperMart","Ata Rice Grains & Dals"
18430,"Domex Fresh Guard Lime Fresh Disinfectant Toilet Expert 1L","GP SuperMart","Ata Rice Grains & Dals"
18431,"Domex Original 500 ml","GP SuperMart","Ata Rice Grains & Dals"
19194,"Dry coconut 2500 g","GP SuperMart","Grocery & Kitchen"
19128,"Dry coconut 500 g","GP SuperMart","Grocery & Kitchen"
19195,"Everest kasturi methi 25 g","GP SuperMart","Grocery & Kitchen"
19130,"Figaro extra light olive oil 1 l pet","GP SuperMart","Grocery & Kitchen"
19131,"Figaro extra virgin olive oil 2 l pet","GP SuperMart","Grocery & Kitchen"
19129,"Figaro olive oil 1 l tin","GP SuperMart","Grocery & Kitchen"
19072,"Fogg fat foamy shaving foam sensitive 418 g","GP SuperMart","Beauty & Personal Care"
19132,"Fortune sugar 1 kg","GP SuperMart","Grocery & Kitchen"
19073,"Garnier light advanced fairness cream 25 g","GP SuperMart","Beauty & Personal Care"
19074,"Garnier men oil clear face wash 50 g","GP SuperMart","Beauty & Personal Care"
19080,"Garnier men turbo wash 50 g tube","GP SuperMart","Beauty & Personal Care"
19163,"Gavran chana with skin","GP SuperMart","Grocery & Kitchen"
19164,"Gavran matki 1 kg","GP SuperMart","Grocery & Kitchen"
19077,"Gillette lime shaving cream 70 g","GP SuperMart","Beauty & Personal Care"
19081,"Gillette presto 5 razor","GP SuperMart","Beauty & Personal Care"
19078,"Gillette simple razor pack 7 plus 1","GP SuperMart","Beauty & Personal Care"
19079,"Gits moong dal instant mix 200 g","GP SuperMart","Beauty & Personal Care"
18686,"Guard R+12 Promo pack","GP SuperMart","Ata Rice Grains & Dals"
19075,"Gubb luxe round sponge","GP SuperMart","Beauty & Personal Care"
19076,"Gubb neem wood wide teeth comb","GP SuperMart","Beauty & Personal Care"
19196,"Hari elaichi","GP SuperMart","Grocery & Kitchen"
19086,"Herbal wash detergent powder 1 kg","GP SuperMart","Beauty & Personal Care"
19083,"Himalaya anti dandruff tea tree shampoo 180 ml","GP SuperMart","Beauty & Personal Care"
19084,"Himalaya anti hair fall bhringraj shampoo 180 ml","GP SuperMart","Beauty & Personal Care"
19088,"Himalaya cherry nourishing lotion 200 ml","GP SuperMart","Beauty & Personal Care"
19087,"Himalayan baby powder 100 g","GP SuperMart","Beauty & Personal Care"
19089,"Intense moisture lotion 100 ml","GP SuperMart","Beauty & Personal Care"
19165,"Jawar 1 kg","GP SuperMart","Grocery & Kitchen"
19166,"Kabuli chole bold 30 kg","GP SuperMart","Grocery & Kitchen"
19091,"Lemon body cleanser 125 g buy 3 get 1 free","GP SuperMart","Beauty & Personal Care"
19090,"Lifebuoy lemon aloe fresh soap 100 g buy 4 get 1","GP SuperMart","Beauty & Personal Care"
19092,"Liril lime soap 100 g x4","GP SuperMart","Beauty & Personal Care"
19093,"Liril lime soap 125 g buy 3 get 1","GP SuperMart","Beauty & Personal Care"
19094,"Liril lime soap 75 g","GP SuperMart","Beauty & Personal Care"
19133,"Masur dal 250 g","GP SuperMart","Grocery & Kitchen"
19167,"Moong 1 kg","GP SuperMart","Grocery & Kitchen"
19134,"Moong 500 g","GP SuperMart","Grocery & Kitchen"
19137,"Moong dal 1 kg","GP SuperMart","Grocery & Kitchen"
19135,"Moong dal with chilka 1 kg","GP SuperMart","Grocery & Kitchen"
19136,"Moong dal with chilka 500 g","GP SuperMart","Grocery & Kitchen"
19168,"Moth dal","GP SuperMart","Grocery & Kitchen"
19098,"Moti chandan soap 150 g","GP SuperMart","Beauty & Personal Care"
19099,"Moti chandan soap 75 g","GP SuperMart","Beauty & Personal Care"
19100,"Moti gulab soap 150 g","GP SuperMart","Beauty & Personal Care"
19101,"Moti gulab soap 75 g","GP SuperMart","Beauty & Personal Care"
19138,"Nagali kisan ragi 1 kg","GP SuperMart","Grocery & Kitchen"
19139,"Nagali kisan ragi 2 kg","GP SuperMart","Grocery & Kitchen"
19104,"Oral b 3 in 1 gum care card pack","GP SuperMart","Beauty & Personal Care"
19105,"Oral b 3 in 1 gum care card pack variant","GP SuperMart","Beauty & Personal Care"
19106,"Oral b cavity defense neem soft pack","GP SuperMart","Beauty & Personal Care"
19109,"Pantene 2 in 1 daily repair shampoo 200 ml","GP SuperMart","Beauty & Personal Care"
19110,"Pantene 2 in 1 daily repair shampoo 340 ml","GP SuperMart","Beauty & Personal Care"
19111,"Pantene conditioner biotin 3 minute miracle 200 ml","GP SuperMart","Beauty & Personal Care"
19112,"Pantene conditioner collagen 3 minute miracle 200 ml","GP SuperMart","Beauty & Personal Care"
19113,"Pantene conditioner hair fall control 200 ml","GP SuperMart","Beauty & Personal Care"
19114,"Pantene silky smooth shampoo 90 ml","GP SuperMart","Beauty & Personal Care"
19115,"Patanjali dant kanti advanced toothpaste 100 g","GP SuperMart","Beauty & Personal Care"
19116,"Patanjali haldi chandan kanti body cleanser 150 g","GP SuperMart","Beauty & Personal Care"
19108,"Patanjali jiggle wiggle","GP SuperMart","Beauty & Personal Care"
19103,"Patanjali neem kanti body cleanser 150 g monthly pack","GP SuperMart","Beauty & Personal Care"
19102,"Patanjali neem kanti body cleanser 75 g buy 4 get 1","GP SuperMart","Beauty & Personal Care"
19140,"Ragi dhokla mix 200 g","GP SuperMart","Grocery & Kitchen"
19141,"Rajma 1 kg","GP SuperMart","Grocery & Kitchen"
19142,"Rajma 500 g","GP SuperMart","Grocery & Kitchen"
19117,"Rexona coconut and olive oil soap 4 x 100 g","GP SuperMart","Beauty & Personal Care"
19169,"Rice basmati puanja","GP SuperMart","Grocery & Kitchen"
19171,"Rice indrayani 2 kg","GP SuperMart","Grocery & Kitchen"
19172,"Rice indrayani 5 kg","GP SuperMart","Grocery & Kitchen"
19173,"Rice jeera 1008 1 kg","GP SuperMart","Grocery & Kitchen"
19174,"Rice jeera 1008 2 kg","GP SuperMart","Grocery & Kitchen"
19175,"Rice jeera 1008 5 kg","GP SuperMart","Grocery & Kitchen"
19176,"Rice kalimooch 1 kg","GP SuperMart","Grocery & Kitchen"
19177,"Rice kalimooch 2 kg","GP SuperMart","Grocery & Kitchen"
19178,"Rice kalimooch 5 kg","GP SuperMart","Grocery & Kitchen"
19170,"Rice kolam 1 kg","GP SuperMart","Grocery & Kitchen"
19179,"Rice masoori 1 kg","GP SuperMart","Grocery & Kitchen"
19180,"Rice masoori 2 kg","GP SuperMart","Grocery & Kitchen"
19181,"Rice masoori 5 kg","GP SuperMart","Grocery & Kitchen"
19118,"Roghan badam shirin 60 ml","GP SuperMart","Beauty & Personal Care"
19182,"Sabudana 1 kg","GP SuperMart","Grocery & Kitchen"
19143,"Sabudana 500 g","GP SuperMart","Grocery & Kitchen"
19147,"Sensodyne toothbrush assorted 1 pc","GP SuperMart","Grocery & Kitchen"
19144,"Shengdane 1 kg","GP SuperMart","Grocery & Kitchen"
19145,"Shengdane 2 kg","GP SuperMart","Grocery & Kitchen"
19146,"Shengdane 500 g","GP SuperMart","Grocery & Kitchen"
19197,"Shingada flour loose 200 g","GP SuperMart","Dry Masala & Spices"
19183,"Soyabean wadi 500 g","GP SuperMart","Grocery & Kitchen"
19150,"Sugar 1 kg","GP SuperMart","Grocery & Kitchen"
19151,"Sugar 2 kg","GP SuperMart","Grocery & Kitchen"
19148,"Sugar pithi 1 kg","GP SuperMart","Grocery & Kitchen"
19149,"Sugar pithi 500 g","GP SuperMart","Grocery & Kitchen"
19198,"Suntha 25 g","GP SuperMart","Dry Masala & Spices"
19184,"Super star indrayani rice 30 kg","GP SuperMart","Grocery & Kitchen"
19119,"Supermax stainless steel blade 10 pack","GP SuperMart","Beauty & Personal Care"
19199,"Supreme jeera 100 g","GP SuperMart","Dry Masala & Spices"
19185,"Tur dal kokna 1 kg","GP SuperMart","Grocery & Kitchen"
19152,"Tur dal kokna 500 g","GP SuperMart","Grocery & Kitchen"
19153,"Tur dal phatka 1 kg","GP SuperMart","Grocery & Kitchen"
19154,"Tur dal phatka 500 g","GP SuperMart","Grocery & Kitchen"
19186,"Udad dal 1 kg","GP SuperMart","Grocery & Kitchen"
19155,"Udad dal 2 kg","GP SuperMart","Grocery & Kitchen"
19187,"Udad dal 500 g","GP SuperMart","Grocery & Kitchen"
19156,"Urad dal with chilka","GP SuperMart","Grocery & Kitchen"
19120,"Vicco vajradanti ayurvedic paste 100 g","GP SuperMart","Beauty & Personal Care"
19188,"Wheat ajit 108 1 kg","GP SuperMart","Grocery & Kitchen"
19189,"Wheat malawa gold 1 kg","GP SuperMart","Grocery & Kitchen"
19190,"Wheat shankh","GP SuperMart","Grocery & Kitchen"
19191,"Wheat sharbati 1 kg","GP SuperMart","Grocery & Kitchen"
19192,"Wheat sharbati 30 kg","GP SuperMart","Grocery & Kitchen"
19193,"Wheat shivar 1 kg","GP SuperMart","Grocery & Kitchen"
19157,"White udad dal 1 kg","GP SuperMart","Grocery & Kitchen"
19158,"White udad dal 500 g","GP SuperMart","Grocery & Kitchen"
19159,"Yardley lavender deodorant 250 g tin","GP SuperMart","Grocery & Kitchen"
16748,"Black Forest Cake ( kg)","Green Bakes & Restaurant  Pathardi Phata  Nashik","Cake"
16742,"Black Forest Pastry","Green Bakes & Restaurant  Pathardi Phata  Nashik","Pastry"
16382,"Brownie with Ice Cream","Green Bakes & Restaurant  Pathardi Phata  Nashik","Brownie"
16762,"Butter Tandoori Roti","Green Bakes & Restaurant  Pathardi Phata  Nashik","Roti"
16752,"Butterscotch Cake ( kg)","Green Bakes & Restaurant  Pathardi Phata  Nashik","Cake"
16744,"Butterscotch Pastry","Green Bakes & Restaurant  Pathardi Phata  Nashik","Pastry"
16760,"Cheese French Fries","Green Bakes & Restaurant  Pathardi Phata  Nashik","Fries"
16754,"Chocolate Truffle Cake ( kg)","Green Bakes & Restaurant  Pathardi Phata  Nashik","Cake"
16746,"Chocolate Truffle Pastry","Green Bakes & Restaurant  Pathardi Phata  Nashik","Pastry"
16363,"Cold Coffee Frappe","Green Bakes & Restaurant  Pathardi Phata  Nashik","Cold Coffee"
16376,"Creamy Alfredo Pasta with Herbs","Green Bakes & Restaurant  Pathardi Phata  Nashik","Pasta"
16250,"Crispy Fries & Mojito Combo","Green Bakes & Restaurant  Pathardi Phata  Nashik","Combos"
16882,"Dessert Indulgence Box","Green Bakes & Restaurant  Pathardi Phata  Nashik","Combos"
16348,"Extra Cheese Burst Pizza","Green Bakes & Restaurant  Pathardi Phata  Nashik","Pizza"
16350,"Fresh Farm Pizza","Green Bakes & Restaurant  Pathardi Phata  Nashik","Pizza"
16756,"Fresh Fruit Cake ( kg)","Green Bakes & Restaurant  Pathardi Phata  Nashik","Cake"
16880,"Indo-Chinese Feast","Green Bakes & Restaurant  Pathardi Phata  Nashik","Combos"
16251,"Italian Pasta & Cold Coffee Meal","Green Bakes & Restaurant  Pathardi Phata  Nashik","Combos"
16262,"Mega Friends Combo (4 Pax)","Green Bakes & Restaurant  Pathardi Phata  Nashik","Combos"
16740,"Molten Choco Lava Cake","Green Bakes & Restaurant  Pathardi Phata  Nashik","Cake"
16368,"Paneer Chilli","Green Bakes & Restaurant  Pathardi Phata  Nashik","Starters"
16243,"Paneer Mutter Masala Combo","Green Bakes & Restaurant  Pathardi Phata  Nashik","Combos"
16346,"Pani Puri Combo (Jumbo)","Green Bakes & Restaurant  Pathardi Phata  Nashik","Chaat"
16347,"Pani Puri Combo (Small)","Green Bakes & Restaurant  Pathardi Phata  Nashik","Chaat"
16750,"Pineapple Cake ( kg)","Green Bakes & Restaurant  Pathardi Phata  Nashik","Cake"
16766,"Popsicle","Green Bakes & Restaurant  Pathardi Phata  Nashik","Bakery & Desserts"
16355,"Ragda Pattice","Green Bakes & Restaurant  Pathardi Phata  Nashik","Chaat"
16258,"Sandwich + Cappuccino Combo","Green Bakes & Restaurant  Pathardi Phata  Nashik","Combos"
16244,"Shev Bhaji Combo","Green Bakes & Restaurant  Pathardi Phata  Nashik","Combos"
16878,"Snack Attack Combo","Green Bakes & Restaurant  Pathardi Phata  Nashik","Combos"
16876,"Street Treat Box","Green Bakes & Restaurant  Pathardi Phata  Nashik","Combos"
16361,"Tandoori Cheese Sandwich","Green Bakes & Restaurant  Pathardi Phata  Nashik","Sandwich"
16758,"Watermelon Juice","Green Bakes & Restaurant  Pathardi Phata  Nashik","Juices"
16764,"Authentic Rajasthani Dal Baati Churma Thali","Green Bakes Tidke Colony","Thali"
16747,"Black Forest Cake ( kg)","Green Bakes Tidke Colony","Cake"
16741,"Black Forest Pastry","Green Bakes Tidke Colony","Pastry"
16380,"Brownie with Ice Cream","Green Bakes Tidke Colony","Brownie"
16761,"Butter Tandoori Roti","Green Bakes Tidke Colony","Roti"
16751,"Butterscotch Cake ( kg)","Green Bakes Tidke Colony","Cake"
16743,"Butterscotch Pastry","Green Bakes Tidke Colony","Pastry"
16753,"Chocolate Truffle Cake ( kg)","Green Bakes Tidke Colony","Cake"
16745,"Chocolate Truffle Pastry","Green Bakes Tidke Colony","Pastry"
16362,"Cold Coffee Frappe","Green Bakes Tidke Colony","Cold Coffee"
16374,"Creamy Alfredo Pasta with Herbs","Green Bakes Tidke Colony","Pasta"
16249,"Crispy Fries & Mojito Combo","Green Bakes Tidke Colony","Combos"
16881,"Dessert Indulgence Box","Green Bakes Tidke Colony","Combos"
16351,"Extra Cheese Burst Pizza","Green Bakes Tidke Colony","Pizza"
16349,"Fresh Farm Pizza","Green Bakes Tidke Colony","Pizza"
16755,"Fresh Fruit Cake ( kg)","Green Bakes Tidke Colony","Cake"
16879,"Indo-Chinese Feast","Green Bakes Tidke Colony","Combos"
16252,"Italian Pasta & Cold Coffee Meal","Green Bakes Tidke Colony","Combos"
16261,"Mega Friends Combo (4 Pax)","Green Bakes Tidke Colony","Combos"
16739,"Molten Choco Lava Cake","Green Bakes Tidke Colony","Cake"
16365,"Paneer Chilli","Green Bakes Tidke Colony","Chinese"
16242,"Paneer Mutter Masala Combo","Green Bakes Tidke Colony","Combos"
16345,"Pani Puri Combo (Jumbo)","Green Bakes Tidke Colony","Chaat"
16344,"Pani Puri Combo (Small)","Green Bakes Tidke Colony","Chaat"
16749,"Pineapple Cake ( kg)","Green Bakes Tidke Colony","Cake"
16765,"Popsicle","Green Bakes Tidke Colony","Bakery & Desserts"
16354,"Ragda Pattice","Green Bakes Tidke Colony","Chaat"
16257,"Sandwich + Cappuccino Combo","Green Bakes Tidke Colony","Combos"
16245,"Shev Bhaji Combo","Green Bakes Tidke Colony","Combos"
16877,"Snack Attack Combo","Green Bakes Tidke Colony","Combos"
16875,"Street Treat Box","Green Bakes Tidke Colony","Combos"
16360,"Tandoori Cheese Sandwich","Green Bakes Tidke Colony","Sandwich"
16757,"Watermelon Juice","Green Bakes Tidke Colony","Juices"
17202,"Black Pepper Cheese Dosa","Greenfield's Krishna","Dosa"
17121,"Butter Idli","Greenfield's Krishna","Idli"
17217,"Butter Tomato Omelette","Greenfield's Krishna","Omelette"
17236,"Butter Uttapam","Greenfield's Krishna","Uttapam"
17213,"Capsicum & Cheese Uttapam","Greenfield's Krishna","Uttapam"
17240,"Cheese Masala Uttapam","Greenfield's Krishna","Uttapam"
17138,"Cheese Sada Dosa","Greenfield's Krishna","Dosa"
17133,"Cheese Spring Dosa","Greenfield's Krishna","Dosa"
17218,"Cheese Tomato Omelette","Greenfield's Krishna","Omelette"
17239,"Cheese Uttapam","Greenfield's Krishna","Uttapam"
17214,"Coconut Uttapam","Greenfield's Krishna","Dosa"
17220,"Corn Schezwan Uttapam","Greenfield's Krishna","Uttapam"
17223,"Extra Bhaji","Greenfield's Krishna","Pav Bhaji"
17226,"Fried Papad","Greenfield's Krishna","Salad  Raita Papad`s"
17137,"Hyderabadi Dosa","Greenfield's Krishna","Dosa"
17089,"Jain Cheese Tava Pulao","Greenfield's Krishna","Rice and Pulao"
17090,"Jain Masala Papad","Greenfield's Krishna","Salad  Raita Papad`s"
17111,"Jain Spicy Cheese Tava Pulav","Greenfield's Krishna","Rice and Pulao"
17124,"Masala Idli","Greenfield's Krishna","Idli"
17227,"Masala Papad Nagali","Greenfield's Krishna","Salad  Raita Papad`s"
17204,"Mysore Cheese Sada Dosa","Greenfield's Krishna","Dosa"
17212,"Mysore Uttapam","Greenfield's Krishna","Uttapam"
17228,"Nagali Fry","Greenfield's Krishna","Salad  Raita Papad`s"
17229,"Nagali Roasted","Greenfield's Krishna","Salad  Raita Papad`s"
17245,"Onion + Cheese Uttapam","Greenfield's Krishna","Uttapam"
17244,"Onion + Tomato Uttapam","Greenfield's Krishna","Uttapam"
17211,"Onion Cheese Rawa Masala Dosa","Greenfield's Krishna","Dosa"
17221,"Onion Fry","Greenfield's Krishna","Pav Bhaji"
17210,"Onion Rawa Masala Dosa","Greenfield's Krishna","Dosa"
17135,"Paneer Crispy Dosa","Greenfield's Krishna","Dosa"
17243,"Paneer Uttapam","Greenfield's Krishna","Uttapam"
17235,"Paper Butter + Cheese Masala Dosa","Greenfield's Krishna","Dosa"
17230,"Paper Cheese Sada Dosa","Greenfield's Krishna","Dosa"
17232,"Paper Masala Dosa","Greenfield's Krishna","Dosa"
17222,"Pav Bhaji Chutney","Greenfield's Krishna","Fast Food"
17209,"Rawa Butter Masala Dosa","Greenfield's Krishna","Dosa"
17208,"Rawa Masala Dosa","Greenfield's Krishna","Dosa"
17225,"Roasted Papad","Greenfield's Krishna","Salad  Raita Papad`s"
17215,"Sandwich Uttapam","Greenfield's Krishna","Uttapam"
17092,"Shev Puri","Greenfield's Krishna","Fast Food"
17116,"Single Idli Sambhar","Greenfield's Krishna","Idli"
17216,"Tomato Omelet","Greenfield's Krishna","Omelette"
16090,"Desi Ghee Mixed Veg Paratha","Haste Kitchen","Paratha"
16097,"Anda Noodles","Hotel Hayat Darbar","Noodles"
16178,"Bun Pav Shawarma","Hotel Hayat Darbar","Starters"
16174,"Butter Chicken Shawarma","Hotel Hayat Darbar","Chicken"
16115,"Chicken 65","Hotel Hayat Darbar","Chicken"
16107,"Chicken Afghani","Hotel Hayat Darbar","Chicken"
16171,"Chicken Amrutshree Shawarma","Hotel Hayat Darbar","Chicken"
16126,"Chicken Charbag","Hotel Hayat Darbar","Chicken"
16112,"Chicken Chatpata","Hotel Hayat Darbar","Chicken"
16173,"Chicken Cheese Shawarma","Hotel Hayat Darbar","Chicken"
16110,"Chicken Chilli","Hotel Hayat Darbar","Chicken"
16116,"Chicken Dragon","Hotel Hayat Darbar","Chicken"
16169,"Chicken Exotic Shawarma","Hotel Hayat Darbar","Chicken"
16170,"Chicken Fantasy Shawarma","Hotel Hayat Darbar","Chicken"
16098,"Chicken Fry rice","Hotel Hayat Darbar","Chicken"
16137,"Chicken Garlic Soup","Hotel Hayat Darbar","Chicken"
16124,"Chicken Hamdam","Hotel Hayat Darbar","Chicken"
16128,"Chicken Lajawab","Hotel Hayat Darbar","Chicken"
16131,"Chicken Lasuni Lollipop","Hotel Hayat Darbar","Chicken"
16127,"Chicken Lollipop Gravy","Hotel Hayat Darbar","Chicken"
16122,"Chicken Lollypop","Hotel Hayat Darbar","Chicken"
16106,"Chicken Malaysian Rice","Hotel Hayat Darbar","Fried Rice"
16133,"Chicken Manchow Soup","Hotel Hayat Darbar","Chicken"
16109,"Chicken Manchurian","Hotel Hayat Darbar","Manchurian"
16136,"Chicken Manchurian Soup","Hotel Hayat Darbar","Chicken"
16129,"Chicken Patiala","Hotel Hayat Darbar","Chicken"
16168,"Chicken Shawarma","Hotel Hayat Darbar","Chicken"
16108,"Chicken Singapori Rice","Hotel Hayat Darbar","Fried Rice"
16143,"Chicken Tandoori","Hotel Hayat Darbar","Chicken"
16121,"Chicken Tandoori Masala","Hotel Hayat Darbar","Chicken"
16145,"Chicken Tangdi","Hotel Hayat Darbar","Chicken"
16172,"Chicken Tikka Shawarma","Hotel Hayat Darbar","Chicken"
16095,"Chicken Triple Noodles","Hotel Hayat Darbar","Chicken"
16119,"Mango Chilly","Hotel Hayat Darbar","Chinese"
16160,"Paneer 65","Hotel Hayat Darbar","Paneer"
16176,"Paneer Cheese Shawarma","Hotel Hayat Darbar","Paneer"
16161,"Paneer Chilly Gravy","Hotel Hayat Darbar","Chinese"
16162,"Paneer Crispy","Hotel Hayat Darbar","Chinese"
16175,"Paneer Shawarma","Hotel Hayat Darbar","Paneer"
16177,"Paneer Tikka Shawarma","Hotel Hayat Darbar","Starters"
16123,"Schezwan Lollipop","Hotel Hayat Darbar","Chicken"
16118,"Shalimar Chilli","Hotel Hayat Darbar","Chinese"
16153,"Soyabean Chilly","Hotel Hayat Darbar","Chinese"
16167,"Veg Clear Soup","Hotel Hayat Darbar","Soup"
16148,"Veg Fried Rice","Hotel Hayat Darbar","Fried Rice"
16166,"Veg Garlic Soup","Hotel Hayat Darbar","Soup"
16164,"Veg Hot & Sour Soup","Hotel Hayat Darbar","Soup"
16163,"Veg Manchow Soup","Hotel Hayat Darbar","Soup"
16154,"Veg Manchurian","Hotel Hayat Darbar","Manchurian"
16157,"Veg Manchurian Gravy","Hotel Hayat Darbar","Manchurian"
16147,"Veg Manchurian Noodles","Hotel Hayat Darbar","Noodles"
16165,"Veg Manchurian Soup","Hotel Hayat Darbar","Soup"
16140,"Veg Noodles","Hotel Hayat Darbar","Noodles"
16150,"Veg Triple Rice","Hotel Hayat Darbar","Fried Rice"
17262,"Bhaji Handi","Hotel Om Sai Om and Restaurant","Tawa & Kadhai Specials"
16971,"Dam Aloo Punjabi","Hotel Om Sai Om and Restaurant","Chefs Specials"
16974,"Kala Masala Batata","Hotel Om Sai Om and Restaurant","Maharashtrian"
17259,"Kala Masala Batata Handi","Hotel Om Sai Om and Restaurant","Tawa & Kadhai Specials"
16975,"Kala Masala Bhajyachi Amti","Hotel Om Sai Om and Restaurant","Maharashtrian"
16978,"Kala Masala Patode","Hotel Om Sai Om and Restaurant","Maharashtrian"
16976,"Kala Masala Soyabean","Hotel Om Sai Om and Restaurant","Maharashtrian"
16977,"Kala Masala Vangyachi Bhaji","Hotel Om Sai Om and Restaurant","Maharashtrian"
16972,"Palak Lasuni","Hotel Om Sai Om and Restaurant","Green & Leafy"
17052,"Palak Paneer","Hotel Om Sai Om and Restaurant","Paneer"
17058,"Paneer Angara","Hotel Om Sai Om and Restaurant","Paneer"
17060,"Paneer Chatpata","Hotel Om Sai Om and Restaurant","Paneer"
17053,"Paneer Kolhapuri","Hotel Om Sai Om and Restaurant","Paneer"
16979,"Paneer Special Bhaji","Hotel Om Sai Om and Restaurant","Paneer"
16969,"Veg Begambar","Hotel Om Sai Om and Restaurant","Veg Specials"
16970,"Veg Maratha","Hotel Om Sai Om and Restaurant","Veg Specials"
16326,"Aloo Bengan","Hotel Parth","Dry Veg"
16327,"Aloo Masala","Hotel Parth","Dry Veg"
16325,"Aloo Mutter","Hotel Parth","Dry Veg"
16303,"Chach","Hotel Parth","Dairy product"
16196,"Chicken Fry","Hotel Parth","Chicken"
16219,"Chicken Thali","Hotel Parth","Chicken"
16221,"Egg Thali","Hotel Parth","Eggs"
16192,"Fish Masala","Hotel Parth","Fish"
16220,"Fish Thali","Hotel Parth","Fish"
16333,"Green Peas Masala","Hotel Parth","Green & Leafy"
16216,"Half Fry","Hotel Parth","Eggs"
16328,"Matki Fry","Hotel Parth","Dry Veg"
16201,"Mutton Fry","Hotel Parth","Mutton"
16205,"Mutton Latpat","Hotel Parth","Mutton"
16203,"Mutton Rassa Plate","Hotel Parth","Mutton"
16218,"Mutton Thali","Hotel Parth","Mutton"
16298,"Nagali Papad","Hotel Parth","Salad  Raita Papad`s"
16306,"Shev Rassa","Hotel Parth","Maharashtrian"
16299,"Udid Papad","Hotel Parth","Salad  Raita Papad`s"
16543,"Almond Broccoli Soup","Hotel Radhakrishna","Soup"
16842,"Aloo Gobi","Hotel Radhakrishna","Dry Veg"
16847,"Baingan Masala","Hotel Radhakrishna","Kofta & Creamy Curries"
16982,"Bhajachi Amati","Hotel Radhakrishna","Maharashtrian"
16850,"Bhendi Fry","Hotel Radhakrishna","Dry Veg"
16852,"Bhendi Masala","Hotel Radhakrishna","Veg Specials"
16989,"Black Shev Bhaji","Hotel Radhakrishna","Shev Bhaji"
17027,"Butter Bajari Bhakari","Hotel Radhakrishna","Bhakari"
16554,"Chana Garlic Koliwada","Hotel Radhakrishna","Fast Food"
16809,"Cheese Rumali Khakhra","Hotel Radhakrishna","Khakra"
16794,"Chinese Platter","Hotel Radhakrishna","Chinese"
16539,"Cream of Broccoli Soup","Hotel Radhakrishna","Soup"
16537,"Cream Of Veg Soup","Hotel Radhakrishna","Soup"
17005,"Curd Rice","Hotel Radhakrishna","Rice and Pulao"
16506,"Dahi Wada","Hotel Radhakrishna","Chaat"
17001,"Dal Hariyali","Hotel Radhakrishna","Dal"
16854,"Green Peas Masala","Hotel Radhakrishna","Green & Leafy"
16395,"Green Salad","Hotel Radhakrishna","Salad  Raita Papad`s"
16860,"Hara Nariyal ki Sabji","Hotel Radhakrishna","Green & Leafy"
16793,"Honey Chilli Potato","Hotel Radhakrishna","Chinese"
16547,"Hong Kong Noodles","Hotel Radhakrishna","Noodles"
16501,"Idli Chutney","Hotel Radhakrishna","Idli"
16502,"Idli Sambar","Hotel Radhakrishna","Idli"
16505,"Idli Wada Mix Sambar","Hotel Radhakrishna","Medu Vada"
17011,"Kadhi Khichadi","Hotel Radhakrishna","Rice and Pulao"
16984,"Kadhi Pakoda","Hotel Radhakrishna","Maharashtrian"
16858,"Kaju Masala","Hotel Radhakrishna","Kofta & Creamy Curries"
17021,"Kashmiri Naan","Hotel Radhakrishna","Naan"
17040,"Khada Pav Bhaji","Hotel Radhakrishna","Pav Bhaji"
16397,"Kochumber Salad","Hotel Radhakrishna","Salad  Raita Papad`s"
16839,"Lasooni Methi","Hotel Radhakrishna","Green & Leafy"
16856,"Lasooni Tawa Dingri","Hotel Radhakrishna","Tawa & Kadhai Specials"
16991,"Lasuni Methi Dry","Hotel Radhakrishna","Maharashtrian"
16538,"Lemon Coriander Soup","Hotel Radhakrishna","Soup"
17009,"Lemon Rice","Hotel Radhakrishna","Rice and Pulao"
16405,"Masala Papad","Hotel Radhakrishna","Salad  Raita Papad`s"
16403,"Masala Papad","Hotel Radhakrishna","Salad  Raita Papad`s"
16525,"Masala Uttapam","Hotel Radhakrishna","Uttapam"
16986,"Mataki Masala","Hotel Radhakrishna","Maharashtrian"
16504,"Mendu Wada Sambar","Hotel Radhakrishna","Medu Vada"
16967,"Methi Mutter Malai","Hotel Radhakrishna","Green & Leafy"
16552,"Mix Pakoda","Hotel Radhakrishna","Fast Food"
16805,"Mushroom Fried Rice","Hotel Radhakrishna","Fried Rice"
16840,"Mushroom Masala","Hotel Radhakrishna","Mushroom Specials"
16414,"Nagli Masala Papad","Hotel Radhakrishna","Salad  Raita Papad`s"
16413,"Nagli Papad (Roasted / Fry)","Hotel Radhakrishna","Salad  Raita Papad`s"
16968,"Navratan Korma","Hotel Radhakrishna","Veg Specials"
16548,"Pan Fried Noodles","Hotel Radhakrishna","Noodles"
16815,"Paneer Achari Tikka","Hotel Radhakrishna","Tandoori"
16951,"Paneer Amritsari","Hotel Radhakrishna","Paneer"
16963,"Paneer Anarkali","Hotel Radhakrishna","Paneer"
16818,"Paneer Banjara Kabab","Hotel Radhakrishna","Paneer"
16956,"Paneer Chakori","Hotel Radhakrishna","Paneer"
16912,"Paneer Chatpata","Hotel Radhakrishna","Paneer"
16777,"Paneer Chilli Gravy","Hotel Radhakrishna","Paneer"
16787,"Paneer Crispy","Hotel Radhakrishna","Paneer"
16958,"Paneer Darbari","Hotel Radhakrishna","Paneer"
16955,"Paneer Deewani Khas","Hotel Radhakrishna","Paneer"
16821,"Paneer Kaju Kabab","Hotel Radhakrishna","Paneer"
16954,"Paneer Khasta","Hotel Radhakrishna","Paneer"
16913,"Paneer Lababdar","Hotel Radhakrishna","Paneer"
16915,"Paneer Lacchedar","Hotel Radhakrishna","Paneer"
16961,"Paneer Lahori","Hotel Radhakrishna","Paneer"
16816,"Paneer lahsuni tikka","Hotel Radhakrishna","Tandoori"
16931,"Paneer Lazeez","Hotel Radhakrishna","Paneer"
16957,"Paneer Makhamali","Hotel Radhakrishna","Paneer"
16817,"Paneer Malai Tikka","Hotel Radhakrishna","Starters"
16929,"Paneer Masala","Hotel Radhakrishna","Paneer"
16949,"Paneer Mussallam","Hotel Radhakrishna","Paneer"
16950,"Paneer Razwadi","Hotel Radhakrishna","Paneer"
16953,"Paneer Sultana","Hotel Radhakrishna","Paneer"
16960,"Paneer Tufani","Hotel Radhakrishna","Paneer"
16402,"Papad (Roasted / Fry)","Hotel Radhakrishna","Salad  Raita Papad`s"
16410,"Papad Bhurji","Hotel Radhakrishna","Salad  Raita Papad`s"
16983,"Pithal","Hotel Radhakrishna","Maharashtrian"
16212,"Plain Uttapam","Hotel Radhakrishna","Uttapam"
16767,"Puri Bhaji","Hotel Radhakrishna","Puri Bhaji"
16897,"Radha Krushna Spl. Veg","Hotel Radhakrishna","Chefs Specials"
16987,"Shevaga Latpat","Hotel Radhakrishna","Maharashtrian"
16985,"Shevga Handi","Hotel Radhakrishna","Maharashtrian"
16516,"Shezwan Dosa (Masala)","Hotel Radhakrishna","Dosa"
16406,"Sindhi Papad","Hotel Radhakrishna","Salad  Raita Papad`s"
17046,"Sizzling Brownie","Hotel Radhakrishna","Brownie"
17039,"Special Pav Bhaji","Hotel Radhakrishna","Pav Bhaji"
16534,"Spinach Soup","Hotel Radhakrishna","Soup"
16540,"Sweet Corn Soup","Hotel Radhakrishna","Soup"
16813,"Tandoori Aloo","Hotel Radhakrishna","Tandoori"
16993,"Thecha","Hotel Radhakrishna","Maharashtrian"
16792,"Thread Paneer","Hotel Radhakrishna","Paneer"
16527,"Tomato Omelette","Hotel Radhakrishna","Omelette"
16396,"Tossed Salad","Hotel Radhakrishna","Salad  Raita Papad`s"
16807,"Triple Schezwan Rice","Hotel Radhakrishna","Fried Rice"
16859,"Umar Handi","Hotel Radhakrishna","Tawa & Kadhai Specials"
16824,"Veg Angara","Hotel Radhakrishna","Chefs Specials"
16825,"Veg Bhuna Masala","Hotel Radhakrishna","Chefs Specials"
16836,"Veg Chakori","Hotel Radhakrishna","Chefs Specials"
16812,"Veg Cheese Seekh Kabab","Hotel Radhakrishna","Tandoori"
16837,"Veg Cheese Tikki Masala","Hotel Radhakrishna","Chefs Specials"
16542,"Veg Clear Soup","Hotel Radhakrishna","Soup"
16773,"Veg Crispy","Hotel Radhakrishna","Chinese"
16828,"Veg Diwani Handi","Hotel Radhakrishna","Kofta & Creamy Curries"
16826,"Veg Handi","Hotel Radhakrishna","Chefs Specials"
16827,"Veg Hyderabadi","Hotel Radhakrishna","Mix Veg"
16835,"Veg Kofta","Hotel Radhakrishna","Kofta & Creamy Curries"
16832,"Veg Kolhapuri","Hotel Radhakrishna","Maharashtrian"
16822,"Veg Maharaja","Hotel Radhakrishna","Chefs Specials"
16992,"Veg Maratha","Hotel Radhakrishna","Maharashtrian"
16823,"Veg Patiyala","Hotel Radhakrishna","Chefs Specials"
16896,"Veg Rajwadi","Hotel Radhakrishna","Veg Specials"
16811,"Veg Seekh Kabab","Hotel Radhakrishna","Tandoori"
16830,"Veg Seekh Kabab Masala","Hotel Radhakrishna","Chefs Specials"
16834,"Veg Sham-Savera","Hotel Radhakrishna","Kofta & Creamy Curries"
16775,"Veg Spring Roll","Hotel Radhakrishna","Chinese"
16833,"Veg Tawa","Hotel Radhakrishna","Tawa & Kadhai Specials"
16391,"Virgin Mojito","Hotel Radhakrishna","Beverages"
16053,"Alu Chilly","Hotel Swad NX Family Restaurant","Chinese"
16046,"Chana Chilly","Hotel Swad NX Family Restaurant","Chinese"
16032,"Chana Dry","Hotel Swad NX Family Restaurant","Starters"
16033,"Chana Fry","Hotel Swad NX Family Restaurant","Starters"
16034,"Chana Koliwada With Garlic","Hotel Swad NX Family Restaurant","Maharashtrian"
16048,"Cheese Bowl Schezwan","Hotel Swad NX Family Restaurant","Chinese"
16029,"Cheese Pakoda","Hotel Swad NX Family Restaurant","Starters"
16022,"Cheese Rumali Khakara","Hotel Swad NX Family Restaurant","Salad  Raita Papad`s"
16044,"Chinese Platter","Hotel Swad NX Family Restaurant","Chinese"
16024,"Clear Soup","Hotel Swad NX Family Restaurant","Soup"
16026,"Coriander Soup","Hotel Swad NX Family Restaurant","Soup"
16018,"Fry Papad","Hotel Swad NX Family Restaurant","Salad  Raita Papad`s"
16045,"Gobi 65","Hotel Swad NX Family Restaurant","Chinese"
16056,"Honey Potato Chilly","Hotel Swad NX Family Restaurant","Chinese"
16031,"Kanda Bhaji","Hotel Swad NX Family Restaurant","Starters"
16023,"Kolhapuri Papad","Hotel Swad NX Family Restaurant","Salad  Raita Papad`s"
16025,"Lemon Coriander Soup","Hotel Swad NX Family Restaurant","Soup"
16055,"Mushroom Bell Pepper","Hotel Swad NX Family Restaurant","Chinese"
16054,"Mushroom Manchurian","Hotel Swad NX Family Restaurant","Chinese"
16068,"Mushroom Tikka","Hotel Swad NX Family Restaurant","Tandoori"
16020,"Nagli Fry Papad","Hotel Swad NX Family Restaurant","Salad  Raita Papad`s"
16019,"Nagli Roasted Papad","Hotel Swad NX Family Restaurant","Salad  Raita Papad`s"
16052,"Palak Chilly","Hotel Swad NX Family Restaurant","Chinese"
16027,"Palak Mushroom Soup","Hotel Swad NX Family Restaurant","Soup"
16064,"Paneer Afgani Tikka","Hotel Swad NX Family Restaurant","Paneer"
16063,"Paneer Angara Kebab","Hotel Swad NX Family Restaurant","Paneer"
16067,"Paneer Banjara Tikka","Hotel Swad NX Family Restaurant","Paneer"
16039,"Paneer Black Pepper","Hotel Swad NX Family Restaurant","Paneer"
16035,"Paneer Capsicum","Hotel Swad NX Family Restaurant","Paneer"
16037,"Paneer Crispy","Hotel Swad NX Family Restaurant","Paneer"
16065,"Paneer Hiltop Kebab","Hotel Swad NX Family Restaurant","Paneer"
16040,"Paneer Honey Chilli","Hotel Swad NX Family Restaurant","Paneer"
16061,"Paneer Malai Kebab","Hotel Swad NX Family Restaurant","Tandoori"
16028,"Paneer Pakoda","Hotel Swad NX Family Restaurant","Paneer"
16062,"Paneer Pudina Kebab","Hotel Swad NX Family Restaurant","Tandoori"
16066,"Paneer Rojali Tikka","Hotel Swad NX Family Restaurant","Paneer"
16038,"Paneer Sathe","Hotel Swad NX Family Restaurant","Paneer"
16036,"Paneer Tikka Black Pepper","Hotel Swad NX Family Restaurant","Paneer"
16017,"Roasted Papad","Hotel Swad NX Family Restaurant","Salad  Raita Papad`s"
16021,"Sindhi Papad","Hotel Swad NX Family Restaurant","Salad  Raita Papad`s"
16060,"Swad Special Platter","Hotel Swad NX Family Restaurant","Tandoori"
16050,"Veg Chilly","Hotel Swad NX Family Restaurant","Chinese"
16042,"Veg Chilly Pepper","Hotel Swad NX Family Restaurant","Chinese"
16051,"Veg Crispy","Hotel Swad NX Family Restaurant","Chinese"
16041,"Veg Dragon Roll","Hotel Swad NX Family Restaurant","Chinese"
16058,"Veg Gold Coin","Hotel Swad NX Family Restaurant","Chinese"
16030,"Veg Pakoda","Hotel Swad NX Family Restaurant","Starters"
16069,"Veg Seekh Kebeb","Hotel Swad NX Family Restaurant","Tandoori"
13375,"Egg Chinese Combo","Kantara Food","Combos"
15875,"Rasoi Special Veg.","New Rasoi Restaurant","Chefs Specials"
472,"Black Forest","Paresh Bakers","NULL"
16703,"Bajra Bhakri","R. K. Farm Restaurant.","Bhakari"
16463,"Bangda Masala","R. K. Farm Restaurant.","Seafood"
16462,"Bangda Spicy","R. K. Farm Restaurant.","Seafood"
16707,"Basket Roti","R. K. Farm Restaurant.","Roti"
16704,"Bhakri (Bajra Butter)","R. K. Farm Restaurant.","Breads"
16705,"Bhakri (Jowar Butter)","R. K. Farm Restaurant.","Bhakari"
16735,"Blue Lagoon","R. K. Farm Restaurant.","Beverages"
16404,"Boiled Peanut","R. K. Farm Restaurant.","Starters"
16458,"Bombil Rawa Fry","R. K. Farm Restaurant.","Seafood"
16711,"Butter Dal Khichadi","R. K. Farm Restaurant.","Rice and Pulao"
16464,"Butter Garlic Prawns","R. K. Farm Restaurant.","Seafood"
16697,"Butter Naan","R. K. Farm Restaurant.","Naan"
16695,"Butter Paratha","R. K. Farm Restaurant.","Paratha"
16693,"Butter Roti","R. K. Farm Restaurant.","Roti"
16475,"Cheese Chilly Seekh Kabab","R. K. Farm Restaurant.","Tandoori"
16701,"Cheese Garlic Naan","R. K. Farm Restaurant.","Naan"
16411,"Cheese Pakoda","R. K. Farm Restaurant.","Starters"
16483,"Chicken Achari Tikka","R. K. Farm Restaurant.","Chicken"
16684,"Chicken Aftabi","R. K. Farm Restaurant.","Chicken"
16433,"Chicken Bhuna","R. K. Farm Restaurant.","Chicken"
16316,"Chicken Cafreal","R. K. Farm Restaurant.","Chicken"
16424,"Chicken Fry","R. K. Farm Restaurant.","Chicken"
16434,"Chicken Garlic","R. K. Farm Restaurant.","Chicken"
16312,"Chicken Hot Pan","R. K. Farm Restaurant.","Chicken"
16685,"Chicken Kolhapuri","R. K. Farm Restaurant.","Chicken"
16494,"Chicken Lasooni Kabab","R. K. Farm Restaurant.","Chicken"
16426,"Chicken Latpat","R. K. Farm Restaurant.","Chicken"
16490,"Chicken Malai Kabab","R. K. Farm Restaurant.","Chicken"
16651,"Chicken Masala","R. K. Farm Restaurant.","Chicken"
16318,"Chicken Mot Fun","R. K. Farm Restaurant.","Chicken"
16486,"Chicken Mutton Kabab","R. K. Farm Restaurant.","Chicken"
16489,"Chicken Nizami Kabab","R. K. Farm Restaurant.","Chicken"
16480,"Chicken Pahadi Kabab","R. K. Farm Restaurant.","Chicken"
16487,"Chicken Roomali Kabab","R. K. Farm Restaurant.","Chicken"
16648,"Chicken Sagwala","R. K. Farm Restaurant.","Chicken"
16296,"Chinese Chilly Paneer","R. K. Farm Restaurant.","Starters"
16277,"Crab Soup","R. K. Farm Restaurant.","Soup"
16469,"Devil Eggs","R. K. Farm Restaurant.","Eggs"
16313,"Finger Prawn Chilly","R. K. Farm Restaurant.","Chicken"
16455,"Fish Tikka (Basa)","R. K. Farm Restaurant.","Seafood"
16729,"Fresh Lime Soda","R. K. Farm Restaurant.","Beverages"
16737,"Fruit Punch","R. K. Farm Restaurant.","Beverages"
16422,"Green Salad","R. K. Farm Restaurant.","Salad  Raita Papad`s"
16643,"Green Sev Bhaji","R. K. Farm Restaurant.","Shev Bhaji"
16709,"Jeera Rice","R. K. Farm Restaurant.","Rice and Pulao"
16423,"Kachumber Salad","R. K. Farm Restaurant.","Salad  Raita Papad`s"
16699,"Kulcha (Butter)","R. K. Farm Restaurant.","Kulcha"
16314,"Lemon Mustard Chicken","R. K. Farm Restaurant.","Chicken"
16420,"Masala Papad","R. K. Farm Restaurant.","Salad  Raita Papad`s"
16710,"Masala Rice","R. K. Farm Restaurant.","Rice and Pulao"
16726,"Matka Malai","R. K. Farm Restaurant.","Sweets"
16641,"Methi Chaman","R. K. Farm Restaurant.","Green & Leafy"
16437,"Mutton Bhuna","R. K. Farm Restaurant.","Mutton"
16719,"Mutton Biryani","R. K. Farm Restaurant.","Biryani"
16691,"Mutton Chilly Masala","R. K. Farm Restaurant.","Mutton"
16689,"Mutton Do Pyaza","R. K. Farm Restaurant.","Mutton"
16724,"Mutton Handi Biryani","R. K. Farm Restaurant.","Biryani"
16438,"Mutton Hari Patti","R. K. Farm Restaurant.","Mutton"
16439,"Mutton Lalfat","R. K. Farm Restaurant.","Mutton"
16688,"Mutton Maratha","R. K. Farm Restaurant.","Mutton"
16687,"Mutton Rogan Josh","R. K. Farm Restaurant.","Mutton"
16690,"Mutton Sagwala","R. K. Farm Restaurant.","Mutton"
16436,"Mutton Sukha","R. K. Farm Restaurant.","Mutton"
16285,"Paneer 65","R. K. Farm Restaurant.","Starters"
16561,"Paneer Angara","R. K. Farm Restaurant.","Paneer"
16559,"Paneer Chatpata","R. K. Farm Restaurant.","Paneer"
16295,"Paneer Hot-Pan","R. K. Farm Restaurant.","Starters"
16631,"Paneer Khurchan","R. K. Farm Restaurant.","Paneer"
16633,"Paneer Laziz","R. K. Farm Restaurant.","Paneer"
16477,"Paneer Matka Kabab","R. K. Farm Restaurant.","Paneer"
16488,"Paneer Mutton Kabab","R. K. Farm Restaurant.","Mutton"
16412,"Paneer Pakoda","R. K. Farm Restaurant.","Starters"
16497,"Paneer Tikka Masala","R. K. Farm Restaurant.","Paneer"
16419,"Papad","R. K. Farm Restaurant.","Salad  Raita Papad`s"
16421,"Papad Bhurji","R. K. Farm Restaurant.","Starters"
16407,"Peanut Chat","R. K. Farm Restaurant.","Starters"
16319,"Peanut Fry","R. K. Farm Restaurant.","Starters"
16317,"Peri Peri Chicken","R. K. Farm Restaurant.","Chicken"
16644,"Pithla Bhakri","R. K. Farm Restaurant.","Maharashtrian"
16698,"Plain Kulcha","R. K. Farm Restaurant.","Kulcha"
16694,"Plain Paratha","R. K. Farm Restaurant.","Paratha"
16708,"Plain Steam Rice","R. K. Farm Restaurant.","Rice and Pulao"
16456,"Pomfret Curry","R. K. Farm Restaurant.","Seafood"
16457,"Pomfret Masala","R. K. Farm Restaurant.","Seafood"
16446,"Prawns Kalimiri","R. K. Farm Restaurant.","Seafood"
16447,"Prawns Sukha","R. K. Farm Restaurant.","Seafood"
16706,"Roomali Roti","R. K. Farm Restaurant.","Roti"
16645,"Shevga Masala Handi","R. K. Farm Restaurant.","Tawa & Kadhai Specials"
16460,"Surmai Plate","R. K. Farm Restaurant.","Seafood"
16492,"Tandoori Chicken Raan","R. K. Farm Restaurant.","Chicken"
16443,"Tandoori Crab","R. K. Farm Restaurant.","Seafood"
16491,"Tandoori Mutton Raan","R. K. Farm Restaurant.","Mutton"
16493,"Tandoori Non-Veg Platter","R. K. Farm Restaurant.","Tandoori"
16452,"Tandoori Pomfret","R. K. Farm Restaurant.","Fish Starter"
16715,"Triple Schezwan Rice","R. K. Farm Restaurant.","Fried Rice"
16717,"Veg Fried Rice","R. K. Farm Restaurant.","Fried Rice"
16294,"Veg Hunan","R. K. Farm Restaurant.","Starters"
16639,"Veg Hyderabadi","R. K. Farm Restaurant.","Veg Specials"
16496,"Veg Junglee","R. K. Farm Restaurant.","Veg Specials"
16635,"Veg Tufani","R. K. Farm Restaurant.","Veg Specials"
16736,"Virgin Mojito","R. K. Farm Restaurant.","Beverages"
546,"Veg American Chopsuey","RK Chinese And Chat Corner","Chinese"
547,"Veg Fry Soft Noodles","RK Chinese And Chat Corner","Noodles"
543,"Veg Hakka Noodles","RK Chinese And Chat Corner","Noodles"
544,"Veg Schezwan Noodles","RK Chinese And Chat Corner","Noodles"
545,"Veg Triple Schezwan Noodles","RK Chinese And Chat Corner","Noodles"
1731,"Chocolate Cheese Sandwich","Rock N Roll","Sandwich"
1735,"Jain Mayonnaise Sandwich","Rock N Roll","Sandwich"
1733,"Jain Sada Cheese Sandwich","Rock N Roll","Sandwich"
1734,"Jain Toast Cheese Sandwich","Rock N Roll","Sandwich"
1732,"Jain Toast Sandwich","Rock N Roll","Sandwich"
1739,"Paneer Schezwan Pizza","Rock N Roll","Pizza"
1738,"Schezwan Pizza","Rock N Roll","Pizza"
1737,"Veg Cheese Pizza","Rock N Roll","Pizza"
18911,"Veg Cheese Pizza","Rock N Roll","Pizza"
1727,"Veg Club Cheese Sandwich","Rock N Roll","Sandwich"
1729,"Veg Club Cheese Sandwich","Rock N Roll","Sandwich"
1726,"Veg Club Sandwich","Rock N Roll","Sandwich"
1728,"Veg Club Sandwich","Rock N Roll","Sandwich"
1721,"Veg Grill Cheese Sandwich","Rock N Roll","Sandwich"
1720,"Veg Grill Sandwich","Rock N Roll","Sandwich"
1712,"Veg Masala Burger","Rock N Roll","Burger"
1713,"Veg Masala Cheese Burger","Rock N Roll","Burger"
1719,"Veg Masala Sandwich","Rock N Roll","Sandwich"
1714,"Veg Masala Tandoor Burger","Rock N Roll","Burger"
1715,"Veg Masala Tandoor Cheese Burger","Rock N Roll","Burger"
1736,"Veg Pizza","Rock N Roll","Pizza"
1718,"Veg Sada Sandwich","Rock N Roll","Sandwich"
1717,"Veg Schezwan Cheese Masala Burger","Rock N Roll","Burger"
1725,"Veg Schezwan Cheese Sandwich","Rock N Roll","Sandwich"
1716,"Veg Schezwan Masala Burger","Rock N Roll","Burger"
1724,"Veg Schezwan Sandwich","Rock N Roll","Sandwich"
1723,"Veg Tandoor Cheese Sandwich","Rock N Roll","Sandwich"
1722,"Veg Tandoor Sandwich","Rock N Roll","Sandwich"
16608,"Extra Butter","Spicy Tadkaa","South Indian"
4368,"Gulchhadi","SURTI WAFERS","Namkeen"
15572,"Dal Makhni","Vedansh Mangwale","Dal"
15573,"Dal Makhni","Vedansh Mangwale","Dal"
